Number_of_Customers,Food_Prepared_kg,Food_Consumed_kg,Food_Category,Day_of_Week,Holiday_Event,Previous_Food_Waste_kg,Temperature_C,Food_Waste_kg
334,176.7,141.02,Fast Food,Sunday,0,34.82,17.6,37.95
490,250.51,203.78,Catering,Thursday,0,21.98,19.0,50.31
431,222.59,170.81,Bakery,Saturday,0,12.16,27.6,53.49
254,138.85,118.21,Fine Dining,Wednesday,0,29.64,18.8,22.63
159,93.9,79.9,Buffet,Sunday,0,22.28,16.5,16.93
421,217.86,174.7,Buffet,Friday,0,21.18,22.3,46.78
94,63.14,50.09,Buffet,Monday,1,10.37,20.1,19.16
66,49.89,45.63,Catering,Sunday,0,26.96,26.9,9.08
157,92.95,74.76,Fine Dining,Friday,0,4.7,17.4,18.61
260,141.68,117.39,Bakery,Saturday,0,32.5,32.3,27.06
270,146.42,114.55,Buffet,Saturday,0,12.75,35.8,35.57
92,62.2,55.55,Catering,Monday,0,6.22,32.1,9.72
334,176.7,142.67,Bakery,Tuesday,0,16.6,27.3,36.9
360,189.0,157.44,Buffet,Monday,0,3.4,34.8,36.27
440,226.85,175.98,Buffet,Thursday,0,24.59,31.0,54.28
272,147.36,138.12,Buffet,Sunday,0,31.79,15.2,13.28
197,111.88,87.73,Fast Food,Wednesday,0,29.63,24.1,25.42
476,243.88,216.95,Fine Dining,Tuesday,1,6.2,34.6,30.92
308,164.4,133.83,Fast Food,Monday,0,6.17,23.0,31.12
60,47.06,36.02,Fast Food,Friday,0,28.84,15.8,12.18
442,227.8,204.09,Fine Dining,Tuesday,0,32.5,32.2,25.21
92,62.2,49.35,Buffet,Sunday,0,17.2,33.4,17.12
314,167.23,152.24,Fast Food,Tuesday,0,18.47,18.7,15.45
352,185.21,170.64,Fast Food,Sunday,0,12.5,27.4,15.25
320,170.07,154.62,Fast Food,Monday,1,31.51,19.4,18.45
253,138.37,100.69,Bakery,Sunday,0,23.28,31.5,39.84
70,51.79,46.26,Buffet,Tuesday,0,11.51,21.2,7.71
376,196.57,159.32,Fine Dining,Friday,0,11.86,22.3,38.14
222,123.71,112.85,Fine Dining,Saturday,0,31.41,34.4,13.11
62,48.0,41.3,Buffet,Tuesday,0,2.45,26.0,10.73
71,52.26,47.21,Fine Dining,Sunday,0,12.65,30.4,5.09
485,248.14,205.93,Buffet,Saturday,0,20.29,24.3,46.02
113,72.13,60.42,Buffet,Sunday,1,6.89,21.9,16.22
49,41.85,31.46,Catering,Friday,0,5.04,29.4,15.48
495,252.87,225.68,Catering,Sunday,0,28.9,18.6,31.79
93,62.67,50.9,Bakery,Monday,0,31.52,23.6,14.29
91,61.72,51.23,Fast Food,Wednesday,0,29.18,19.8,11.59
187,107.15,95.66,Buffet,Tuesday,0,31.66,31.0,15.14
199,112.82,96.09,Fine Dining,Wednesday,0,20.25,36.7,19.09
409,212.18,162.16,Fast Food,Sunday,0,28.8,37.9,51.55
53,43.74,37.17,Buffet,Friday,1,14.67,25.4,10.39
217,121.34,98.25,Fast Food,Tuesday,0,23.99,20.8,24.86
451,232.06,191.05,Buffet,Sunday,0,34.63,25.2,43.49
405,210.29,152.72,Catering,Saturday,1,9.45,34.5,63.47
92,62.2,47.66,Fast Food,Thursday,0,14.87,19.7,14.3
447,230.16,179.95,Fine Dining,Sunday,0,17.84,36.9,51.94
374,195.62,171.53,Fast Food,Wednesday,0,6.55,22.9,24.5
61,47.53,34.34,Fine Dining,Tuesday,0,4.67,37.7,15.62
69,51.31,41.56,Fine Dining,Wednesday,0,29.38,34.3,12.84
230,127.49,117.71,Buffet,Tuesday,1,34.23,33.6,15.55
299,160.14,119.24,Catering,Sunday,0,15.36,22.3,44.14
244,134.11,111.8,Bakery,Monday,0,4.89,15.2,26.75
98,65.04,58.08,Catering,Saturday,0,4.17,23.8,9.93
303,162.03,150.26,Catering,Sunday,0,31.41,21.9,15.32
51,42.8,37.85,Fine Dining,Wednesday,0,17.31,15.9,5.07
158,93.42,82.07,Catering,Thursday,0,12.56,26.6,14.66
454,233.47,210.55,Buffet,Thursday,1,17.72,24.3,27.61
329,174.33,142.63,Buffet,Friday,0,12.5,29.6,34.75
377,197.04,176.8,Buffet,Tuesday,0,18.14,29.3,23.64
287,154.46,111.48,Fast Food,Wednesday,0,30.37,17.8,44.17
393,204.61,188.94,Fast Food,Friday,0,21.55,37.5,17.19
166,97.21,79.47,Fast Food,Wednesday,0,24.92,19.3,19.03
114,72.61,61.12,Bakery,Tuesday,0,14.03,25.2,13.15
400,207.92,161.36,Fast Food,Sunday,0,26.37,26.2,48.01
243,133.64,118.05,Fast Food,Sunday,0,24.0,33.7,16.03
88,60.3,44.43,Fine Dining,Thursday,0,5.95,17.3,16.23
118,74.5,67.94,Buffet,Sunday,0,20.9,24.9,8.31
480,245.78,221.74,Bakery,Sunday,1,10.47,29.5,27.34
280,151.15,116.01,Buffet,Monday,0,28.54,19.9,39.31
388,202.25,181.63,Catering,Thursday,0,16.06,29.4,25.31
193,109.98,98.21,Bakery,Friday,0,34.82,36.2,15.66
313,166.76,143.26,Buffet,Saturday,1,5.05,37.9,30.03
135,82.54,66.21,Buffet,Monday,1,27.75,15.7,21.5
253,138.37,107.89,Bakery,Friday,0,24.23,20.4,32.04
333,176.22,135.86,Bakery,Tuesday,1,27.33,22.1,46.41
248,136.01,107.46,Bakery,Monday,0,12.15,24.2,30.7
382,199.41,183.21,Bakery,Friday,0,18.24,20.6,16.99
127,78.76,58.05,Buffet,Tuesday,0,28.28,19.7,22.95
345,181.9,164.14,Fast Food,Thursday,0,9.67,37.0,19.12
303,162.03,129.1,Buffet,Saturday,0,9.46,36.1,37.98
464,238.21,198.85,Catering,Tuesday,1,20.18,16.1,45.01
429,221.65,198.33,Fine Dining,Sunday,0,19.28,22.8,22.31
364,190.89,174.58,Fast Food,Wednesday,0,11.31,24.3,16.62
467,239.63,190.71,Buffet,Tuesday,0,11.84,20.5,51.89
416,215.5,177.06,Fast Food,Tuesday,0,11.17,29.5,37.18
359,188.53,152.93,Fast Food,Saturday,0,27.46,29.7,36.97
196,111.4,80.53,Bakery,Wednesday,0,23.51,34.6,32.99
195,110.93,87.09,Fine Dining,Sunday,0,29.47,32.0,24.15
178,102.89,84.47,Catering,Friday,1,34.19,27.5,25.87
160,94.37,76.48,Fast Food,Friday,0,17.65,30.0,18.05
104,67.87,59.65,Buffet,Tuesday,0,4.2,21.3,10.35
146,87.75,70.61,Bakery,Wednesday,0,3.59,28.6,17.83
186,106.67,88.29,Bakery,Wednesday,0,11.76,26.3,19.85
176,101.94,83.03,Fine Dining,Sunday,0,32.77,18.1,21.63
450,231.58,204.47,Bakery,Saturday,0,19.27,20.6,27.92
201,113.77,103.51,Fast Food,Thursday,1,10.97,21.7,12.25
467,239.63,200.57,Fine Dining,Friday,0,15.17,36.3,41.01
491,250.98,224.29,Fast Food,Saturday,1,21.75,20.3,28.66
139,84.43,66.3,Buffet,Monday,1,23.55,21.7,23.11
377,197.04,165.34,Buffet,Friday,0,7.08,23.5,34.96
438,225.9,179.81,Buffet,Saturday,1,34.24,30.3,51.5
346,182.38,147.93,Fine Dining,Friday,0,19.98,17.7,34.98
180,103.83,91.49,Fast Food,Thursday,1,6.48,36.9,15.39
122,76.39,69.82,Fine Dining,Monday,0,31.49,34.9,8.78
216,120.87,90.26,Catering,Thursday,1,4.46,28.3,35.83
237,130.8,112.44,Buffet,Sunday,1,31.96,30.5,24.78
151,90.11,76.42,Fast Food,Monday,1,34.89,15.4,18.44
95,63.62,47.46,Bakery,Tuesday,0,25.11,22.8,16.04
499,254.77,195.31,Buffet,Saturday,0,27.42,33.3,63.72
218,121.81,96.04,Buffet,Monday,0,13.13,16.8,27.7
460,236.31,178.82,Fast Food,Sunday,0,33.07,21.5,58.5
440,226.85,175.5,Buffet,Sunday,0,19.48,28.5,55.41
225,125.12,97.45,Catering,Thursday,0,26.17,20.9,32.68
257,140.27,111.35,Bakery,Friday,0,32.5,36.5,33.49
452,232.53,205.76,Fine Dining,Monday,1,34.18,18.0,30.93
456,234.42,198.28,Catering,Saturday,0,29.5,33.3,40.98
355,186.63,174.87,Bakery,Monday,1,12.0,26.7,16.16
256,139.79,113.4,Buffet,Wednesday,0,33.9,32.3,32.17
159,93.9,83.18,Catering,Friday,1,22.73,22.1,16.54
478,244.83,223.22,Fine Dining,Saturday,1,32.71,26.8,25.66
433,223.54,194.34,Bakery,Saturday,0,24.31,34.7,32.21
214,119.92,97.21,Catering,Tuesday,0,12.14,25.7,27.32
62,48.0,42.52,Fast Food,Thursday,0,14.21,23.3,5.92
252,137.9,105.47,Buffet,Tuesday,0,20.17,27.3,35.25
444,228.74,181.18,Buffet,Saturday,0,28.07,31.5,50.81
274,148.31,124.62,Fast Food,Friday,0,12.49,25.2,24.05
52,43.27,36.63,Bakery,Monday,0,21.13,36.6,9.84
140,84.91,61.55,Catering,Monday,0,13.41,21.8,26.14
456,234.42,217.52,Buffet,Friday,0,28.92,25.9,20.36
63,48.48,42.34,Fine Dining,Saturday,0,17.4,32.4,7.07
403,209.34,173.55,Fast Food,Sunday,0,4.53,30.8,35.53
50,42.32,39.16,Buffet,Monday,1,7.48,34.9,9.62
312,166.29,135.79,Buffet,Sunday,0,4.02,37.9,35.62
491,250.98,234.84,Fast Food,Monday,1,18.48,24.8,19.5
470,241.04,200.71,Catering,Monday,0,5.51,17.6,43.48
320,170.07,126.73,Fast Food,Thursday,0,5.77,15.7,43.55
133,81.6,72.48,Fine Dining,Thursday,0,33.05,31.7,10.15
240,132.22,114.95,Bakery,Wednesday,0,30.8,35.1,20.9
60,47.06,41.89,Fast Food,Tuesday,0,16.92,20.1,5.98
379,197.99,184.0,Catering,Friday,0,34.53,18.6,20.65
250,136.95,122.0,Catering,Friday,0,2.01,16.4,18.9
179,103.36,88.32,Fast Food,Friday,0,22.26,33.9,17.07
332,175.75,159.69,Fast Food,Wednesday,0,22.34,22.2,16.92
337,178.12,154.63,Fast Food,Thursday,0,17.1,24.2,24.98
440,226.85,183.7,Fast Food,Saturday,0,15.1,26.6,43.02
140,84.91,77.68,Buffet,Sunday,0,17.03,34.3,12.27
343,180.96,139.13,Fine Dining,Sunday,0,15.69,30.0,41.89
398,206.98,181.57,Fine Dining,Saturday,0,26.11,29.1,26.17
67,50.37,46.04,Buffet,Wednesday,1,6.47,19.0,7.42
80,56.52,49.79,Fast Food,Saturday,0,8.52,26.8,7.56
394,205.09,179.13,Catering,Friday,0,7.96,31.5,30.0
342,180.48,159.83,Buffet,Tuesday,1,10.66,37.4,26.34
185,106.2,87.33,Buffet,Monday,0,19.33,19.6,21.4
295,158.24,144.37,Fast Food,Sunday,0,5.67,15.2,15.2
266,144.52,110.52,Catering,Thursday,0,30.65,16.7,38.12
275,148.78,111.29,Buffet,Thursday,0,11.81,23.6,39.85
400,207.92,162.76,Fine Dining,Wednesday,0,7.36,33.9,47.88
419,216.91,181.54,Bakery,Thursday,0,24.3,15.2,36.82
494,252.4,210.08,Buffet,Friday,0,3.26,25.5,45.86
52,43.27,38.97,Bakery,Sunday,0,22.46,22.6,5.28
249,136.48,110.41,Fast Food,Saturday,1,25.04,16.2,28.59
268,145.47,120.24,Fine Dining,Friday,1,9.09,25.4,27.8
436,224.96,162.63,Fine Dining,Wednesday,0,3.38,20.9,62.42
139,84.43,68.4,Fine Dining,Friday,0,14.0,23.1,16.79
70,51.79,44.67,Buffet,Saturday,0,5.25,31.2,9.88
425,219.75,158.97,Bakery,Tuesday,0,5.84,27.0,60.74
55,44.69,34.94,Fast Food,Wednesday,0,10.39,17.9,11.34
176,101.94,78.06,Buffet,Tuesday,0,11.75,37.1,27.83
368,192.78,140.58,Buffet,Monday,1,19.49,29.6,57.75
205,115.66,95.47,Fine Dining,Tuesday,0,24.39,32.6,22.42
498,254.29,193.26,Fine Dining,Monday,0,21.56,16.8,62.14
349,183.79,162.37,Buffet,Monday,0,6.9,16.1,23.63
479,245.3,222.38,Fine Dining,Tuesday,0,7.68,15.4,24.16
139,84.43,70.92,Buffet,Wednesday,1,31.0,19.3,19.46
148,88.69,83.01,Fine Dining,Saturday,0,20.43,24.5,6.66
382,199.41,163.34,Buffet,Friday,0,30.71,36.5,41.21
212,118.97,99.09,Fine Dining,Friday,0,14.26,25.5,21.8
276,149.26,139.95,Fast Food,Saturday,0,22.28,21.7,9.62
201,113.77,87.71,Catering,Sunday,0,19.28,27.9,30.16
432,223.07,206.87,Buffet,Sunday,0,12.53,17.6,18.78
255,139.32,101.62,Fast Food,Monday,0,17.51,29.0,37.0
303,162.03,132.57,Buffet,Monday,0,18.58,28.1,31.15
302,161.56,118.81,Catering,Wednesday,0,8.63,33.2,46.06
331,175.28,154.32,Catering,Thursday,0,12.4,37.7,25.38
313,166.76,142.39,Fast Food,Tuesday,0,28.12,20.8,27.23
42,38.54,33.74,Fine Dining,Monday,0,32.22,26.7,6.65
67,50.37,40.42,Bakery,Friday,0,13.87,35.9,13.32
365,191.36,153.33,Fine Dining,Wednesday,1,12.13,33.1,40.57
467,239.63,174.92,Fine Dining,Tuesday,1,8.44,26.2,66.9
188,107.62,85.77,Buffet,Wednesday,1,24.39,36.7,30.28
67,50.37,46.56,Buffet,Tuesday,0,12.66,16.3,5.84
349,183.79,147.66,Catering,Tuesday,0,34.6,36.4,42.14
477,244.36,220.63,Catering,Saturday,0,12.75,16.2,28.53
104,67.87,61.44,Fine Dining,Monday,0,15.01,27.6,7.8
395,205.56,164.88,Fast Food,Wednesday,1,21.91,35.5,45.92
60,47.06,40.43,Fast Food,Wednesday,0,28.46,21.0,7.94
291,156.35,115.85,Bakery,Saturday,0,17.49,25.9,42.68
274,148.31,110.17,Catering,Friday,0,15.95,22.5,41.87
266,144.52,105.6,Catering,Friday,0,34.86,36.9,45.08
52,43.27,36.69,Bakery,Sunday,0,2.35,33.9,7.83
352,185.21,150.71,Fine Dining,Monday,0,31.54,31.3,36.89
88,60.3,50.69,Buffet,Monday,0,6.92,28.5,12.7
157,92.95,77.58,Buffet,Thursday,0,27.94,33.9,19.92
93,62.67,49.95,Catering,Saturday,0,22.39,24.0,18.01
177,102.41,89.0,Fine Dining,Friday,0,13.28,25.3,13.73
92,62.2,55.16,Buffet,Tuesday,1,30.84,31.8,14.11
83,57.94,41.9,Buffet,Wednesday,1,2.43,23.2,21.48
342,180.48,138.17,Fine Dining,Monday,0,9.48,16.5,43.37
92,62.2,54.54,Buffet,Wednesday,0,20.71,16.7,10.22
113,72.13,58.07,Buffet,Wednesday,0,13.6,17.7,17.39
85,58.88,50.98,Fine Dining,Thursday,0,22.14,35.0,11.4
52,43.27,34.46,Fine Dining,Friday,0,2.8,25.9,7.47
204,115.19,92.84,Fine Dining,Monday,1,5.84,31.4,24.74
141,85.38,64.45,Buffet,Wednesday,0,6.19,24.0,24.61
319,169.6,131.75,Bakery,Monday,1,8.25,21.0,40.89
297,159.19,135.82,Buffet,Tuesday,0,17.16,23.0,27.2
376,196.57,160.26,Fast Food,Thursday,0,26.82,33.3,39.31
395,205.56,183.02,Bakery,Tuesday,0,31.88,29.4,25.21
437,225.43,204.59,Fine Dining,Monday,1,29.57,36.6,25.52
177,102.41,85.94,Bakery,Sunday,0,8.5,30.6,18.27
202,114.24,101.31,Fine Dining,Monday,0,16.56,28.1,13.85
448,230.64,181.63,Fine Dining,Friday,0,8.58,29.0,51.19
426,220.23,178.67,Buffet,Wednesday,0,10.73,36.7,45.74
150,89.64,78.6,Fast Food,Wednesday,0,18.62,33.1,12.27
141,85.38,68.73,Fast Food,Tuesday,0,4.25,15.6,17.65
56,45.16,38.36,Buffet,Thursday,0,9.2,27.3,8.99
307,163.92,124.71,Catering,Sunday,0,32.87,30.8,43.45
221,123.23,104.99,Fast Food,Saturday,0,17.38,32.2,19.08
411,213.13,193.85,Catering,Wednesday,0,16.7,19.9,22.74
63,48.48,44.17,Fine Dining,Friday,0,2.48,34.9,5.27
68,50.84,44.71,Bakery,Tuesday,0,10.16,37.0,9.45
210,118.03,104.35,Fine Dining,Tuesday,0,30.59,20.4,14.63
448,230.64,194.37,Fine Dining,Saturday,0,7.43,35.3,38.25
267,145.0,123.05,Fast Food,Friday,1,15.7,17.2,25.07
417,215.97,161.85,Buffet,Thursday,0,2.47,16.3,56.2
227,126.07,103.08,Bakery,Friday,0,17.79,18.0,25.38
385,200.83,164.51,Fast Food,Thursday,0,2.69,16.3,37.17
269,145.94,135.85,Buffet,Friday,0,29.05,34.4,13.3
360,189.0,154.0,Fine Dining,Friday,0,29.22,16.4,36.4
379,197.99,166.48,Buffet,Monday,0,28.0,21.2,34.72
158,93.42,78.22,Catering,Tuesday,0,11.35,17.4,19.7
195,110.93,95.41,Catering,Friday,0,29.63,21.8,19.29
311,165.82,146.69,Catering,Saturday,0,19.92,17.1,21.86
214,119.92,92.28,Fast Food,Friday,0,14.34,30.4,28.55
143,86.33,72.2,Buffet,Wednesday,0,22.64,18.1,16.82
131,80.65,72.72,Catering,Tuesday,0,2.41,34.6,12.7
225,125.12,102.83,Fast Food,Wednesday,0,6.72,33.8,22.78
499,254.77,199.04,Catering,Tuesday,0,26.5,15.3,59.78
322,171.02,147.77,Catering,Wednesday,1,10.06,35.6,30.83
220,122.76,110.63,Catering,Friday,0,21.73,15.7,16.88
209,117.55,86.27,Fast Food,Friday,0,14.71,20.5,32.25
226,125.6,111.9,Fast Food,Monday,0,30.21,15.7,14.81
214,119.92,108.02,Catering,Saturday,0,33.43,22.7,16.54
261,142.16,116.79,Fast Food,Wednesday,0,31.16,26.8,27.17
272,147.36,137.98,Buffet,Thursday,0,10.93,33.3,12.32
201,113.77,101.61,Fine Dining,Monday,0,8.41,22.8,13.18
460,236.31,210.36,Catering,Wednesday,0,17.66,31.2,29.26
173,100.52,88.91,Fine Dining,Wednesday,0,2.24,19.3,12.16
430,222.12,167.29,Fine Dining,Monday,0,2.85,32.3,54.7
263,143.1,109.87,Buffet,Friday,0,20.26,20.4,38.11
192,109.51,90.03,Fine Dining,Wednesday,1,19.17,18.3,22.66
72,52.73,41.03,Catering,Friday,0,34.82,19.3,14.85
94,63.14,51.23,Buffet,Monday,0,8.66,19.2,14.76
481,246.25,225.43,Fine Dining,Friday,1,10.52,26.8,22.62
46,40.43,36.44,Catering,Tuesday,0,5.75,34.4,7.67
283,152.57,131.0,Bakery,Thursday,0,32.28,16.8,23.98
352,185.21,168.32,Fine Dining,Sunday,0,27.67,31.3,17.75
165,96.74,86.33,Bakery,Wednesday,1,29.14,30.0,15.28
51,42.8,34.86,Fast Food,Saturday,0,31.79,35.1,10.84
55,44.69,34.15,Fast Food,Thursday,0,19.32,20.6,11.59
247,135.53,112.91,Bakery,Sunday,0,16.89,25.4,24.28
82,57.47,50.69,Bakery,Friday,1,12.9,36.3,11.87
412,213.6,174.3,Catering,Wednesday,0,21.44,30.2,44.12
174,100.99,87.53,Catering,Friday,0,16.99,23.9,17.5
267,145.0,107.41,Fine Dining,Tuesday,0,16.9,18.0,37.22
150,89.64,79.29,Fine Dining,Monday,0,32.92,21.0,11.04
346,182.38,163.92,Bakery,Wednesday,0,34.47,28.4,20.68
496,253.35,221.81,Fine Dining,Sunday,1,28.28,31.5,33.82
199,112.82,105.24,Bakery,Sunday,0,26.97,17.9,9.84
370,193.73,174.72,Bakery,Tuesday,0,24.46,28.8,22.24
303,162.03,148.85,Catering,Tuesday,0,7.48,27.7,17.48
264,143.58,132.87,Fast Food,Wednesday,1,3.95,26.8,13.26
256,139.79,125.29,Fast Food,Friday,0,24.79,30.9,16.51
495,252.87,219.58,Buffet,Saturday,0,26.05,34.3,39.55
84,58.41,42.13,Fine Dining,Sunday,1,3.55,22.4,18.9
253,138.37,113.81,Buffet,Sunday,1,32.63,35.4,32.02
98,65.04,55.0,Fast Food,Tuesday,1,5.01,18.7,10.89
171,99.58,78.36,Fine Dining,Thursday,1,11.43,19.0,24.54
143,86.33,68.2,Fast Food,Tuesday,0,24.19,21.1,19.42
234,129.38,120.51,Fine Dining,Saturday,0,7.61,17.7,9.11
452,232.53,213.04,Buffet,Friday,0,3.83,20.3,21.88
196,111.4,101.02,Buffet,Friday,1,12.93,17.4,14.76
137,83.49,67.57,Bakery,Thursday,0,27.28,33.9,19.9
265,144.05,104.15,Fast Food,Sunday,0,15.65,18.2,40.5
451,232.06,171.18,Buffet,Tuesday,0,23.55,32.2,64.54
244,134.11,105.77,Fine Dining,Friday,0,21.13,16.1,28.57
118,74.5,53.9,Bakery,Saturday,0,2.73,36.8,23.17
163,95.79,69.33,Buffet,Wednesday,1,34.62,31.4,32.37
467,239.63,220.86,Fine Dining,Monday,1,3.37,15.2,20.23
257,140.27,122.79,Buffet,Monday,0,33.94,32.6,20.92
43,39.01,30.74,Buffet,Monday,0,20.15,26.8,12.34
129,79.7,59.71,Fine Dining,Sunday,0,33.78,32.9,21.97
143,86.33,71.87,Fine Dining,Tuesday,0,5.79,27.0,13.82
432,223.07,160.87,Fine Dining,Thursday,1,18.18,29.7,64.77
158,93.42,86.55,Bakery,Friday,0,7.59,33.1,9.38
172,100.05,81.17,Catering,Wednesday,0,3.68,24.3,22.05
351,184.74,149.36,Fine Dining,Saturday,1,22.38,15.1,38.23
135,82.54,66.52,Fast Food,Wednesday,0,8.86,34.5,17.38
473,242.46,178.27,Bakery,Saturday,0,21.39,23.8,65.02
370,193.73,166.69,Fast Food,Sunday,0,5.71,26.4,28.03
182,104.78,92.34,Fast Food,Tuesday,0,12.96,15.2,11.59
327,173.39,150.63,Buffet,Monday,0,27.79,26.3,26.74
67,50.37,37.8,Buffet,Tuesday,0,16.42,37.7,17.67
317,168.65,142.9,Catering,Sunday,0,22.72,21.4,29.48
272,147.36,124.56,Bakery,Thursday,1,23.37,24.1,26.82
56,45.16,41.14,Fine Dining,Thursday,0,29.84,30.8,5.41
98,65.04,52.25,Fast Food,Sunday,0,12.72,33.7,14.45
129,79.7,63.9,Buffet,Saturday,0,24.68,24.6,20.08
238,131.28,112.39,Buffet,Friday,0,33.73,22.1,22.11
401,208.4,179.07,Fast Food,Friday,0,26.1,36.6,32.2
480,245.78,202.34,Fine Dining,Saturday,0,18.17,30.6,45.91
65,49.42,40.4,Bakery,Thursday,0,22.81,17.7,11.14
64,48.95,40.57,Fine Dining,Thursday,1,26.41,16.6,10.83
433,223.54,203.29,Fast Food,Thursday,0,22.21,26.1,22.95
340,179.54,147.48,Catering,Tuesday,0,2.55,20.1,35.23
378,197.52,183.06,Bakery,Thursday,1,8.43,20.8,17.78
306,163.45,135.81,Fine Dining,Wednesday,0,28.75,35.2,30.07
220,122.76,114.02,Fine Dining,Monday,0,11.0,17.1,9.54
495,252.87,228.4,Fast Food,Thursday,0,26.14,31.5,25.77
399,207.45,165.91,Buffet,Saturday,0,14.28,21.2,44.76
107,69.29,63.05,Fast Food,Monday,0,19.22,32.5,8.45
390,203.19,151.22,Bakery,Tuesday,0,4.24,31.6,53.38
451,232.06,214.31,Buffet,Saturday,0,7.98,15.2,20.23
498,254.29,218.43,Buffet,Monday,0,33.59,26.7,39.47
360,189.0,138.34,Buffet,Saturday,0,31.37,18.2,53.54
88,60.3,51.96,Buffet,Tuesday,0,23.53,34.9,12.27
214,119.92,112.05,Catering,Wednesday,0,17.17,35.0,12.03
91,61.72,45.39,Bakery,Tuesday,0,24.3,24.6,18.3
141,85.38,71.89,Fast Food,Tuesday,0,22.41,25.2,15.06
255,139.32,123.23,Buffet,Saturday,1,20.76,22.0,22.38
477,244.36,219.5,Fast Food,Sunday,0,3.95,31.5,25.59
227,126.07,102.25,Fast Food,Friday,0,22.88,23.2,25.1
96,64.09,49.02,Buffet,Thursday,0,27.37,21.2,18.86
86,59.36,43.29,Fast Food,Thursday,0,34.8,24.9,15.79
198,112.35,95.22,Fast Food,Wednesday,1,2.37,17.1,18.11
213,119.45,97.91,Fine Dining,Wednesday,1,26.1,32.2,25.62
281,151.62,140.81,Fine Dining,Thursday,0,20.87,15.3,12.33
321,170.55,125.07,Buffet,Friday,0,16.32,29.8,49.57
280,151.15,131.62,Fast Food,Thursday,0,6.21,19.2,19.64
409,212.18,153.94,Fine Dining,Sunday,1,15.5,20.3,59.06
44,39.49,29.92,Fine Dining,Friday,0,13.69,29.6,9.53
123,76.86,63.01,Catering,Wednesday,0,11.99,37.8,18.1
347,182.85,149.95,Fine Dining,Monday,0,26.12,32.9,35.18
400,207.92,181.07,Buffet,Saturday,0,25.12,20.2,30.07
498,254.29,234.01,Buffet,Sunday,0,21.44,19.0,24.99
287,154.46,132.93,Fine Dining,Sunday,0,32.98,34.9,25.06
93,62.67,58.27,Buffet,Wednesday,0,13.55,25.2,8.78
200,113.3,103.55,Fine Dining,Wednesday,0,10.05,18.2,9.42
473,242.46,205.75,Catering,Tuesday,0,23.64,34.8,42.07
461,236.79,213.92,Fine Dining,Sunday,0,8.56,33.8,23.7
450,231.58,199.48,Fast Food,Tuesday,0,12.4,37.6,34.3
265,144.05,106.21,Fine Dining,Tuesday,0,9.41,35.9,38.76
54,44.22,39.04,Fast Food,Saturday,0,4.28,34.6,7.32
263,143.1,106.02,Fine Dining,Tuesday,0,29.31,16.2,37.62
100,65.98,56.13,Catering,Friday,0,10.4,17.4,11.71
161,94.84,82.95,Fast Food,Thursday,0,17.61,28.1,14.24
316,168.18,123.55,Catering,Monday,0,3.43,27.2,48.12
85,58.88,45.38,Catering,Wednesday,0,25.08,25.5,16.65
492,251.45,231.7,Buffet,Friday,1,12.91,24.1,24.44
429,221.65,189.64,Buffet,Monday,0,26.58,24.9,35.11
333,176.22,136.43,Buffet,Sunday,1,15.61,28.1,44.73
101,66.46,57.95,Buffet,Sunday,0,8.46,15.0,11.99
125,77.81,66.24,Buffet,Sunday,0,18.93,21.0,15.34
485,248.14,206.04,Fine Dining,Friday,0,6.31,26.9,42.56
249,136.48,127.58,Buffet,Friday,0,16.54,31.6,12.61
117,74.03,64.43,Fast Food,Wednesday,0,12.47,19.0,10.96
241,132.7,106.5,Bakery,Thursday,0,32.09,27.6,26.94
341,180.01,161.29,Buffet,Tuesday,0,4.01,31.4,21.29
436,224.96,205.75,Bakery,Sunday,0,24.9,25.2,20.42
262,142.63,106.62,Fast Food,Saturday,0,8.03,15.6,37.14
261,142.16,108.63,Buffet,Thursday,0,12.53,25.3,35.94
42,38.54,29.58,Fine Dining,Saturday,0,15.71,21.8,8.56
45,39.96,34.85,Fine Dining,Wednesday,0,31.96,36.4,8.09
132,81.12,69.17,Catering,Wednesday,0,10.01,17.9,14.62
47,40.91,35.03,Bakery,Wednesday,0,5.01,30.0,7.1
467,239.63,222.13,Bakery,Monday,0,12.52,16.2,20.91
274,148.31,132.1,Fast Food,Saturday,0,5.45,25.3,17.06
147,88.22,66.0,Buffet,Thursday,1,6.24,27.7,26.6
200,113.3,90.24,Bakery,Thursday,1,20.94,21.9,26.6
248,136.01,110.96,Bakery,Friday,0,4.01,25.5,26.94
279,150.67,121.61,Catering,Friday,0,3.02,18.8,32.71
370,193.73,168.01,Fast Food,Sunday,0,25.58,22.0,26.8
372,194.68,178.37,Fast Food,Friday,0,13.93,29.3,17.15
89,60.78,47.85,Bakery,Wednesday,0,6.14,21.9,12.99
50,42.32,35.61,Fast Food,Thursday,0,10.37,35.7,6.93
390,203.19,181.58,Catering,Saturday,1,23.19,29.5,27.42
195,110.93,90.03,Catering,Wednesday,0,11.09,25.1,23.84
109,70.24,53.17,Fast Food,Monday,0,18.32,15.9,18.27
208,117.08,96.53,Bakery,Friday,0,6.02,26.5,21.95
311,165.82,121.4,Bakery,Wednesday,0,21.41,32.6,46.35
107,69.29,64.25,Buffet,Wednesday,0,12.43,21.1,8.17
394,205.09,151.04,Catering,Monday,0,22.69,33.6,58.46
291,156.35,127.65,Fine Dining,Tuesday,0,28.68,20.8,31.5
87,59.83,50.05,Bakery,Thursday,0,22.18,33.9,12.86
223,124.18,116.33,Fast Food,Saturday,1,11.76,17.0,8.87
359,188.53,142.63,Catering,Sunday,0,10.44,34.9,51.81
226,125.6,93.59,Fast Food,Tuesday,0,12.8,26.5,32.02
129,79.7,57.54,Buffet,Friday,0,7.43,21.8,24.18
485,248.14,187.15,Catering,Wednesday,1,7.98,21.1,67.82
371,194.2,148.68,Buffet,Monday,0,28.09,24.9,49.42
178,102.89,88.35,Fast Food,Monday,0,14.7,38.0,17.19
396,206.03,158.3,Catering,Thursday,1,16.39,20.1,53.77
128,79.23,57.4,Catering,Tuesday,1,21.6,17.4,27.33
313,166.76,150.39,Fine Dining,Sunday,0,21.46,28.5,16.85
58,46.11,36.91,Fine Dining,Thursday,1,4.22,26.2,10.84
350,184.27,147.01,Fast Food,Wednesday,0,29.44,27.1,39.72
397,206.51,162.43,Fast Food,Thursday,0,7.85,30.3,44.9
413,214.08,200.08,Fast Food,Saturday,0,25.86,21.1,16.08
193,109.98,83.3,Fine Dining,Monday,0,27.5,35.9,28.9
429,221.65,203.39,Bakery,Monday,0,25.59,25.0,19.68
299,160.14,142.67,Bakery,Friday,0,21.11,18.0,18.16
147,88.22,65.0,Bakery,Friday,0,2.48,32.1,25.45
410,212.66,199.28,Buffet,Sunday,0,13.89,29.8,18.06
324,171.97,134.09,Fast Food,Wednesday,0,21.96,22.3,38.05
98,65.04,48.24,Buffet,Saturday,0,14.79,29.3,20.5
164,96.26,86.87,Fine Dining,Tuesday,0,30.49,20.1,9.51
393,204.61,179.13,Fast Food,Thursday,0,12.19,25.2,25.52
312,166.29,142.31,Catering,Sunday,0,11.69,35.7,28.82
146,87.75,66.19,Fast Food,Wednesday,0,10.78,18.1,20.61
338,178.59,147.38,Buffet,Friday,1,12.98,23.9,36.01
284,153.04,136.47,Buffet,Thursday,0,20.39,33.9,20.1
375,196.1,154.29,Bakery,Friday,0,25.33,37.3,45.7
489,250.03,197.17,Fine Dining,Thursday,0,23.86,25.4,53.68
457,234.89,169.28,Buffet,Tuesday,0,28.65,26.7,70.01
286,153.99,116.78,Buffet,Wednesday,0,31.24,28.2,40.77
47,40.91,37.33,Bakery,Thursday,1,28.93,36.4,7.71
180,103.83,84.85,Buffet,Saturday,0,2.63,34.7,21.4
401,208.4,195.17,Bakery,Sunday,0,26.29,18.9,13.75
47,40.91,33.02,Bakery,Monday,0,8.88,25.0,9.75
391,203.67,178.69,Buffet,Saturday,0,6.39,25.7,29.78
133,81.6,63.81,Buffet,Saturday,0,23.07,33.1,22.33
360,189.0,151.21,Catering,Sunday,0,12.55,28.9,42.76
466,239.15,182.22,Fast Food,Monday,0,3.88,30.0,58.29
78,55.57,44.25,Fast Food,Saturday,0,6.54,38.0,12.67
120,75.44,63.4,Bakery,Thursday,0,2.03,16.7,14.13
226,125.6,117.84,Catering,Thursday,1,31.81,20.1,13.45
123,76.86,66.57,Catering,Thursday,0,2.81,24.4,13.04
127,78.76,60.16,Bakery,Monday,0,8.91,23.0,19.79
281,151.62,110.67,Fast Food,Saturday,0,15.74,15.5,41.45
381,198.94,148.77,Buffet,Monday,0,13.77,17.1,53.75
132,81.12,68.45,Bakery,Thursday,1,32.09,30.7,16.62
125,77.81,69.12,Fine Dining,Sunday,0,3.33,35.2,10.61
83,57.94,53.7,Fast Food,Saturday,0,18.9,26.8,5.7
176,101.94,73.75,Catering,Saturday,1,24.46,27.4,34.24
460,236.31,197.32,Buffet,Friday,0,32.75,20.9,44.35
113,72.13,59.41,Fast Food,Friday,1,22.47,32.7,17.15
75,54.15,46.8,Buffet,Tuesday,0,28.52,32.3,12.49
140,84.91,71.59,Fast Food,Wednesday,0,4.76,28.5,13.64
195,110.93,96.64,Buffet,Friday,0,14.74,19.9,17.66
465,238.68,206.41,Buffet,Monday,0,14.34,17.2,35.76
294,157.77,117.66,Buffet,Friday,1,31.25,16.5,45.67
210,118.03,105.75,Fine Dining,Tuesday,0,7.0,28.6,12.35
255,139.32,104.09,Bakery,Saturday,0,7.01,34.0,35.49
209,117.55,102.7,Fine Dining,Tuesday,0,12.84,34.7,16.94
291,156.35,126.89,Catering,Saturday,0,3.8,25.7,33.45
399,207.45,172.82,Fast Food,Sunday,0,8.02,33.0,34.77
361,189.47,174.07,Fast Food,Sunday,1,33.85,36.8,20.36
94,63.14,57.82,Catering,Saturday,0,16.13,21.3,8.49
495,252.87,227.56,Buffet,Wednesday,0,22.86,24.2,28.43
471,241.52,201.0,Catering,Friday,0,25.96,36.4,46.87
130,80.18,70.72,Buffet,Monday,0,14.11,22.8,11.73
317,168.65,140.46,Catering,Monday,0,6.86,36.0,31.87
140,84.91,77.38,Buffet,Thursday,0,8.82,37.6,13.27
194,110.46,89.32,Catering,Saturday,1,12.34,30.2,26.65
416,215.5,201.16,Fine Dining,Monday,0,22.99,33.8,17.13
388,202.25,187.1,Catering,Wednesday,0,15.14,32.2,18.11
490,250.51,221.24,Buffet,Saturday,0,2.22,31.1,31.11
403,209.34,163.59,Fine Dining,Wednesday,1,19.27,22.1,47.59
180,103.83,77.76,Catering,Monday,0,32.41,16.3,29.98
212,118.97,108.03,Fine Dining,Monday,0,28.8,22.9,10.97
49,41.85,31.65,Fine Dining,Thursday,0,29.23,30.3,12.01
267,145.0,131.65,Fine Dining,Monday,0,28.24,17.4,14.83
304,162.5,134.54,Fast Food,Saturday,0,12.68,15.3,27.75
477,244.36,197.8,Fine Dining,Sunday,0,27.25,18.2,47.0
287,154.46,141.9,Fine Dining,Saturday,0,6.72,31.5,12.8
286,153.99,131.33,Catering,Saturday,0,23.7,37.4,27.09
194,110.46,93.54,Buffet,Thursday,1,23.17,37.6,21.27
73,53.21,44.85,Fast Food,Thursday,1,2.84,26.4,10.21
168,98.16,78.69,Catering,Monday,0,28.0,35.0,24.3
199,112.82,100.73,Catering,Tuesday,0,31.81,31.9,16.68
128,79.23,61.45,Fast Food,Tuesday,0,10.82,26.5,17.4
132,81.12,75.16,Fine Dining,Thursday,0,28.81,28.2,7.79
366,191.84,175.86,Fast Food,Monday,0,4.72,18.2,18.11
280,151.15,120.05,Buffet,Tuesday,0,21.8,36.6,35.09
362,189.95,167.25,Fast Food,Monday,0,18.03,23.1,24.54
443,228.27,193.14,Fast Food,Monday,1,20.02,25.3,38.02
156,92.48,73.46,Fine Dining,Monday,0,32.56,30.4,20.71
133,81.6,76.5,Buffet,Friday,0,30.75,22.7,8.55
202,114.24,82.89,Catering,Saturday,0,27.91,20.8,35.4
138,83.96,65.12,Catering,Monday,0,11.03,29.5,23.43
152,90.59,75.59,Fine Dining,Friday,0,32.09,15.6,15.37
398,206.98,172.79,Fine Dining,Thursday,0,5.22,31.6,34.72
130,80.18,68.12,Fast Food,Tuesday,0,30.16,26.8,14.27
385,200.83,177.81,Bakery,Saturday,0,12.83,28.9,25.46
245,134.59,115.37,Fine Dining,Sunday,0,3.77,29.5,18.7
56,45.16,38.48,Buffet,Tuesday,0,24.09,27.1,10.0
313,166.76,122.03,Catering,Saturday,1,9.63,28.4,50.56
212,118.97,95.51,Bakery,Sunday,1,10.04,30.7,27.6
155,92.0,70.94,Catering,Tuesday,1,12.1,32.3,27.77
388,202.25,157.43,Bakery,Saturday,0,4.1,31.7,46.85
220,122.76,103.36,Fine Dining,Tuesday,0,7.85,35.0,21.21
130,80.18,61.25,Fast Food,Tuesday,1,2.17,19.4,21.09
121,75.92,59.57,Catering,Sunday,0,16.7,24.2,21.28
363,190.42,147.03,Catering,Tuesday,0,4.78,36.8,47.56
488,249.56,231.76,Buffet,Tuesday,0,24.53,24.1,21.32
153,91.06,84.49,Buffet,Sunday,0,9.78,17.9,8.65
296,158.72,135.58,Fast Food,Thursday,1,33.14,27.1,25.3
97,64.56,59.61,Bakery,Monday,0,30.75,17.5,7.44
193,109.98,98.2,Catering,Wednesday,0,11.55,19.7,14.66
404,209.82,178.3,Buffet,Friday,0,27.85,38.0,36.59
443,228.27,164.68,Fine Dining,Wednesday,0,28.51,27.5,66.02
155,92.0,81.88,Fast Food,Wednesday,1,34.56,21.5,14.55
382,199.41,174.39,Catering,Saturday,0,21.73,37.9,32.15
305,162.98,139.41,Bakery,Monday,0,4.7,37.2,27.45
354,186.16,165.18,Bakery,Saturday,1,23.35,25.1,26.64
242,133.17,110.91,Fast Food,Monday,0,22.62,21.0,23.51
80,56.52,49.45,Fast Food,Sunday,0,23.07,34.3,8.22
144,86.8,80.35,Fast Food,Sunday,0,12.14,31.5,6.66
428,221.17,177.53,Buffet,Monday,0,30.37,30.8,48.89
417,215.97,189.14,Catering,Tuesday,0,33.66,35.5,32.34
232,128.44,105.92,Bakery,Thursday,0,9.18,30.9,24.42
440,226.85,196.99,Catering,Tuesday,0,4.91,21.5,32.62
317,168.65,149.73,Catering,Thursday,0,8.42,31.0,22.36
393,204.61,149.37,Fine Dining,Saturday,1,29.08,22.0,58.51
276,149.26,128.7,Bakery,Thursday,0,24.33,32.5,22.36
464,238.21,183.39,Catering,Saturday,0,22.99,29.3,59.14
260,141.68,122.89,Bakery,Sunday,0,15.26,16.8,21.61
107,69.29,57.03,Buffet,Wednesday,0,21.07,26.8,13.9
236,130.33,116.02,Fast Food,Sunday,0,12.16,22.9,13.56
295,158.24,118.23,Buffet,Sunday,1,17.75,22.6,45.56
178,102.89,88.26,Catering,Wednesday,1,28.17,28.9,21.78
351,184.74,144.33,Fine Dining,Thursday,0,34.38,22.4,41.39
474,242.94,220.51,Buffet,Thursday,1,32.77,32.9,27.18
188,107.62,99.47,Fine Dining,Saturday,0,32.82,16.6,10.61
138,83.96,78.86,Fine Dining,Tuesday,0,15.27,30.2,5.39
115,73.08,65.42,Fast Food,Saturday,0,17.47,33.6,8.91
321,170.55,151.08,Buffet,Tuesday,1,25.29,30.5,25.41
410,212.66,163.2,Fine Dining,Sunday,0,32.43,26.4,50.22
442,227.8,180.86,Fine Dining,Wednesday,0,6.69,36.9,47.84
148,88.69,72.94,Bakery,Sunday,0,12.04,21.9,16.55
227,126.07,112.22,Fine Dining,Monday,0,6.6,15.4,15.6
238,131.28,120.95,Catering,Thursday,0,22.2,24.9,15.15
342,180.48,137.46,Fine Dining,Tuesday,1,12.11,15.8,45.76
366,191.84,177.05,Fine Dining,Saturday,1,12.76,36.9,16.69
193,109.98,96.02,Catering,Wednesday,0,4.34,19.8,17.6
79,56.05,47.89,Fast Food,Tuesday,1,13.54,33.1,11.69
172,100.05,76.43,Buffet,Saturday,0,30.46,32.8,27.04
444,228.74,167.49,Buffet,Thursday,1,9.69,20.0,66.14
171,99.58,84.15,Bakery,Sunday,0,24.94,29.3,18.46
318,169.13,146.02,Fine Dining,Thursday,0,22.78,16.1,24.48
401,208.4,159.71,Bakery,Friday,0,30.49,26.1,50.37
123,76.86,64.75,Buffet,Monday,1,6.37,15.3,16.68
438,225.9,205.21,Buffet,Friday,0,34.26,36.2,26.37
281,151.62,137.02,Buffet,Wednesday,0,21.23,37.4,19.41
155,92.0,85.01,Fast Food,Tuesday,0,34.85,20.1,9.39
148,88.69,71.0,Fine Dining,Wednesday,0,32.08,19.8,19.29
260,141.68,111.92,Fast Food,Sunday,0,9.31,32.3,31.38
431,222.59,196.96,Fast Food,Saturday,0,3.85,20.8,26.44
80,56.52,46.06,Catering,Thursday,1,10.44,35.6,15.96
407,211.24,156.16,Fast Food,Friday,0,19.41,28.2,55.93
186,106.67,83.44,Fine Dining,Friday,0,7.66,23.1,23.27
151,90.11,73.18,Bakery,Sunday,0,7.53,34.2,20.0
142,85.85,67.34,Fast Food,Friday,1,17.27,26.3,21.37
85,58.88,46.7,Fine Dining,Sunday,1,3.1,36.0,15.15
451,232.06,182.08,Catering,Wednesday,0,6.02,36.3,53.44
363,190.42,138.84,Catering,Thursday,0,15.72,18.8,53.93
417,215.97,185.77,Buffet,Tuesday,0,4.08,15.1,33.11
310,165.34,140.77,Catering,Saturday,0,15.09,37.6,29.04
460,236.31,204.11,Fast Food,Tuesday,1,17.64,35.8,36.41
424,219.28,167.16,Fast Food,Wednesday,0,16.89,16.3,51.48
234,129.38,101.57,Fast Food,Saturday,0,30.68,34.2,31.24
406,210.76,180.48,Catering,Friday,0,19.49,25.5,34.59
319,169.6,144.49,Fast Food,Monday,1,17.44,21.0,27.69
322,171.02,142.18,Fast Food,Wednesday,0,15.55,35.2,31.89
79,56.05,44.68,Fine Dining,Wednesday,0,28.98,19.5,13.29
486,248.62,228.94,Buffet,Thursday,0,31.54,36.8,24.38
228,126.54,100.57,Buffet,Tuesday,1,30.16,19.7,31.54
203,114.72,94.1,Buffet,Wednesday,0,24.23,29.1,22.68
63,48.48,42.14,Buffet,Wednesday,0,6.53,20.1,9.95
63,48.48,40.7,Buffet,Friday,0,11.14,27.6,10.49
43,39.01,31.06,Buffet,Friday,0,3.52,30.7,9.41
362,189.95,154.97,Fine Dining,Saturday,0,32.72,19.4,35.34
329,174.33,155.99,Buffet,Sunday,0,23.81,27.0,22.49
480,245.78,192.0,Fast Food,Sunday,0,26.63,25.8,56.14
472,241.99,181.81,Catering,Monday,0,12.28,16.6,63.69
220,122.76,96.84,Fast Food,Sunday,0,29.91,33.8,27.2
287,154.46,140.08,Fine Dining,Thursday,1,10.57,22.7,15.47
155,92.0,68.04,Buffet,Monday,0,2.05,28.2,27.7
318,169.13,158.67,Buffet,Saturday,1,14.42,26.8,15.7
404,209.82,176.04,Buffet,Friday,0,20.84,26.8,36.85
108,69.77,65.35,Buffet,Sunday,0,17.8,17.5,7.18
390,203.19,188.27,Fast Food,Tuesday,0,30.45,24.7,16.68
293,157.3,128.93,Buffet,Friday,0,5.48,25.4,31.6
220,122.76,93.75,Buffet,Thursday,0,20.28,31.9,32.19
357,187.58,141.86,Buffet,Friday,0,18.93,34.3,49.01
208,117.08,90.48,Fast Food,Thursday,0,11.29,27.5,26.18
352,185.21,162.29,Buffet,Thursday,1,29.13,17.0,28.01
288,154.93,120.85,Fast Food,Thursday,0,26.84,20.4,34.6
227,126.07,100.24,Fine Dining,Saturday,1,26.18,18.8,29.97
93,62.67,51.31,Fine Dining,Thursday,0,30.91,17.9,12.19
365,191.36,176.23,Buffet,Thursday,0,25.85,23.4,17.66
396,206.03,156.93,Bakery,Tuesday,0,9.65,20.3,49.53
352,185.21,133.56,Fine Dining,Monday,0,25.28,20.0,52.51
177,102.41,75.09,Buffet,Wednesday,0,12.15,16.3,28.85
207,116.61,107.17,Catering,Monday,0,9.99,15.4,12.79
430,222.12,191.57,Catering,Thursday,0,4.41,17.4,32.66
142,85.85,66.97,Buffet,Tuesday,0,26.55,19.0,23.37
461,236.79,179.72,Fast Food,Friday,0,25.46,24.9,58.18
124,77.34,60.69,Bakery,Tuesday,1,9.74,26.7,21.54
356,187.11,139.44,Bakery,Thursday,1,26.73,18.2,51.36
251,137.43,127.42,Buffet,Tuesday,0,32.29,24.8,11.3
42,38.54,34.4,Buffet,Sunday,0,5.56,22.9,8.03
423,218.81,179.8,Fast Food,Tuesday,0,9.68,19.2,39.8
218,121.81,110.88,Fast Food,Thursday,0,26.76,15.2,12.53
381,198.94,154.15,Fine Dining,Saturday,1,11.06,25.7,46.23
342,180.48,158.42,Fast Food,Sunday,0,22.61,30.8,23.35
491,250.98,227.98,Fast Food,Tuesday,0,4.68,20.2,23.34
371,194.2,155.07,Bakery,Wednesday,0,16.92,18.0,40.62
77,55.1,48.85,Buffet,Wednesday,0,26.39,35.4,9.53
459,235.84,185.11,Fast Food,Tuesday,0,24.65,21.3,53.93
278,150.2,118.02,Bakery,Saturday,1,28.9,20.1,36.8
208,117.08,87.06,Catering,Friday,0,30.96,34.7,35.6
492,251.45,205.39,Fine Dining,Thursday,0,27.52,33.8,49.08
436,224.96,198.09,Fine Dining,Wednesday,1,24.16,25.3,30.15
382,199.41,184.82,Buffet,Friday,0,3.05,26.3,16.67
353,185.69,158.36,Fast Food,Tuesday,0,19.65,20.0,29.12
345,181.9,165.51,Fine Dining,Friday,0,3.24,16.8,17.2
69,51.31,46.23,Buffet,Sunday,0,28.67,28.2,8.25
229,127.02,96.3,Fast Food,Monday,1,12.58,17.3,33.66
396,206.03,170.36,Fast Food,Wednesday,0,20.56,25.3,36.3
64,48.95,36.5,Buffet,Tuesday,1,11.22,36.6,18.66
151,90.11,78.4,Fast Food,Thursday,0,27.82,36.9,14.64
450,231.58,215.13,Buffet,Saturday,1,31.25,20.5,23.09
474,242.94,182.24,Fast Food,Sunday,0,15.16,29.4,61.0
245,134.59,118.63,Buffet,Tuesday,1,30.48,25.9,21.77
224,124.65,107.09,Catering,Thursday,0,10.81,35.1,23.67
421,217.86,184.83,Fine Dining,Saturday,1,19.64,21.2,35.47
418,216.44,174.41,Fine Dining,Saturday,0,30.34,15.1,43.4
86,59.36,47.38,Bakery,Tuesday,0,12.75,18.7,15.1
413,214.08,156.27,Fast Food,Sunday,1,33.48,23.0,61.46
267,145.0,111.35,Buffet,Friday,0,6.02,22.3,35.21
78,55.57,40.2,Fine Dining,Friday,1,2.6,33.2,17.42
55,44.69,37.89,Fine Dining,Saturday,0,31.84,30.7,9.03
61,47.53,35.33,Bakery,Friday,0,4.27,21.9,13.71
252,137.9,125.77,Fast Food,Monday,0,34.73,25.5,13.65
349,183.79,153.48,Buffet,Saturday,0,33.4,17.2,35.87
188,107.62,94.05,Fast Food,Saturday,0,6.52,35.7,14.49
495,252.87,204.92,Fast Food,Thursday,0,19.74,36.5,49.96
280,151.15,127.47,Fine Dining,Friday,0,8.1,37.5,23.86
311,165.82,153.78,Fine Dining,Sunday,0,16.13,35.0,14.66
98,65.04,48.01,Fast Food,Saturday,0,4.03,19.0,16.55
326,172.91,134.16,Catering,Sunday,0,9.39,16.1,42.97
465,238.68,212.81,Fine Dining,Monday,0,13.99,28.3,27.24
241,132.7,98.43,Buffet,Thursday,0,16.48,36.0,40.51
71,52.26,38.5,Buffet,Tuesday,0,34.26,19.1,18.15
482,246.72,197.26,Buffet,Sunday,1,28.66,15.2,54.62
201,113.77,84.22,Buffet,Saturday,1,26.33,33.5,36.09
294,157.77,133.9,Buffet,Monday,0,19.72,16.8,26.55
293,157.3,121.09,Buffet,Wednesday,0,29.72,24.5,40.15
48,41.38,37.95,Fast Food,Monday,1,13.2,30.6,5.99
178,102.89,91.82,Buffet,Monday,0,25.39,20.4,14.53
49,41.85,36.57,Catering,Thursday,0,34.79,16.9,8.95
253,138.37,118.41,Buffet,Tuesday,0,12.38,32.7,23.9
312,166.29,151.32,Fine Dining,Wednesday,0,24.24,29.5,16.82
363,190.42,146.45,Fast Food,Friday,0,29.86,37.7,45.3
87,59.83,54.57,Catering,Friday,0,32.22,22.9,9.0
475,243.41,217.53,Buffet,Sunday,1,25.69,16.4,31.34
150,89.64,79.3,Fast Food,Monday,1,11.36,31.9,11.3
192,109.51,92.37,Catering,Thursday,0,12.77,27.0,22.04
162,95.32,73.79,Catering,Thursday,0,2.69,19.9,24.07
444,228.74,186.01,Bakery,Friday,1,27.11,33.0,46.61
396,206.03,184.31,Fast Food,Sunday,0,3.41,19.7,21.69
141,85.38,62.07,Buffet,Sunday,0,30.53,21.0,27.14
280,151.15,134.83,Fine Dining,Sunday,0,5.92,17.1,15.95
360,189.0,146.06,Catering,Wednesday,1,7.67,24.2,48.83
230,127.49,95.84,Fine Dining,Tuesday,0,17.73,24.6,32.68
256,139.79,104.21,Fine Dining,Wednesday,1,26.35,26.8,37.76
90,61.25,44.47,Fast Food,Saturday,1,6.59,31.3,18.92
331,175.28,146.39,Bakery,Saturday,0,16.52,35.8,30.51
120,75.44,57.94,Buffet,Tuesday,0,17.93,18.2,19.71
422,218.33,204.72,Fast Food,Friday,0,9.01,16.3,14.28
127,78.76,66.66,Fast Food,Tuesday,0,5.81,15.4,11.67
233,128.91,96.73,Fine Dining,Thursday,0,29.6,18.3,34.81
143,86.33,75.24,Buffet,Saturday,0,18.58,30.1,14.7
310,165.34,151.7,Buffet,Monday,0,2.47,31.7,15.71
135,82.54,72.96,Fine Dining,Monday,1,28.5,33.1,12.37
462,237.26,174.82,Fast Food,Friday,0,34.37,20.6,64.66
418,216.44,198.5,Fine Dining,Thursday,0,22.0,22.0,18.76
237,130.8,117.02,Buffet,Wednesday,0,18.62,26.1,17.82
40,37.59,28.37,Fast Food,Thursday,0,30.99,16.5,10.17
446,229.69,167.99,Fine Dining,Monday,0,33.43,29.1,62.75
417,215.97,181.98,Buffet,Monday,0,26.9,37.6,39.9
206,116.14,87.61,Fast Food,Saturday,0,16.7,23.3,28.51
165,96.74,87.42,Buffet,Thursday,0,21.54,32.3,13.72
352,185.21,147.95,Buffet,Thursday,0,25.13,26.5,40.6
120,75.44,69.47,Catering,Monday,0,8.41,17.9,10.01
457,234.89,198.35,Fast Food,Wednesday,0,16.76,28.4,38.73
290,155.88,118.5,Bakery,Friday,1,29.38,21.9,41.04
208,117.08,87.89,Fast Food,Sunday,0,23.61,15.8,29.7
112,71.66,60.68,Fine Dining,Friday,0,15.57,29.6,12.38
180,103.83,92.16,Bakery,Thursday,0,23.89,34.8,13.78
109,70.24,62.65,Fine Dining,Friday,0,5.9,22.9,9.12
301,161.08,125.75,Fast Food,Monday,0,15.25,24.0,37.1
379,197.99,151.45,Fast Food,Monday,0,28.17,35.5,47.99
347,182.85,132.33,Fast Food,Thursday,0,9.28,33.7,50.48
284,153.04,133.06,Catering,Thursday,0,8.14,31.4,22.89
42,38.54,28.4,Bakery,Sunday,0,33.38,20.7,11.56
376,196.57,159.73,Catering,Sunday,0,8.93,35.9,42.02
102,66.93,57.05,Buffet,Saturday,0,10.61,18.6,14.04
88,60.3,55.85,Bakery,Thursday,1,34.0,29.4,9.45
115,73.08,57.63,Catering,Wednesday,0,26.25,15.7,19.31
407,211.24,163.7,Buffet,Friday,0,25.09,29.8,51.59
214,119.92,103.6,Buffet,Thursday,0,30.15,21.4,19.33
148,88.69,75.94,Bakery,Tuesday,0,5.82,25.3,14.86
222,123.71,98.11,Fine Dining,Saturday,0,25.3,22.9,26.96
231,127.96,118.26,Bakery,Tuesday,0,18.62,19.0,12.06
104,67.87,61.48,Buffet,Monday,0,29.36,29.3,9.68
376,196.57,151.22,Bakery,Sunday,0,18.77,35.3,48.06
490,250.51,193.55,Buffet,Friday,0,22.47,37.1,62.3
310,165.34,137.68,Buffet,Thursday,0,17.77,19.4,32.03
139,84.43,75.16,Buffet,Tuesday,0,17.78,31.5,12.52
71,52.26,38.13,Bakery,Friday,0,27.34,30.3,17.19
391,203.67,177.71,Fine Dining,Monday,0,22.74,22.9,26.3
167,97.68,84.26,Fine Dining,Sunday,1,22.9,15.4,17.83
491,250.98,193.49,Fast Food,Wednesday,0,16.86,30.9,58.27
441,227.32,197.75,Catering,Saturday,0,19.53,36.7,35.17
408,211.71,196.22,Fast Food,Friday,0,26.61,29.5,16.91
378,197.52,144.25,Bakery,Friday,1,29.26,25.0,59.32
82,57.47,45.42,Fast Food,Wednesday,0,24.99,27.1,13.23
411,213.13,174.0,Fast Food,Friday,0,32.49,19.6,40.02
458,235.37,216.03,Fast Food,Monday,0,29.07,32.3,21.66
117,74.03,68.97,Fast Food,Monday,0,20.54,32.2,7.01
353,185.69,151.84,Bakery,Wednesday,0,24.16,18.3,35.69
328,173.86,153.87,Fine Dining,Saturday,0,32.57,35.2,21.5
309,164.87,137.99,Buffet,Thursday,1,22.43,21.2,31.65
201,113.77,95.37,Catering,Tuesday,0,29.22,37.6,24.71
228,126.54,98.85,Fast Food,Thursday,0,24.73,23.8,27.28
286,153.99,118.22,Fine Dining,Friday,1,20.21,19.1,38.18
427,220.7,172.89,Catering,Tuesday,0,9.98,23.1,52.01
255,139.32,117.36,Fine Dining,Wednesday,0,16.06,25.1,22.53
354,186.16,135.23,Buffet,Wednesday,0,33.94,16.6,56.53
452,232.53,213.83,Catering,Saturday,0,23.71,28.3,21.3
378,197.52,149.01,Fine Dining,Tuesday,0,20.63,28.7,48.67
429,221.65,170.32,Fast Food,Monday,1,32.79,32.0,53.19
416,215.5,179.73,Buffet,Tuesday,0,21.35,15.7,40.72
472,241.99,212.04,Bakery,Friday,0,19.36,27.4,30.97
207,116.61,86.42,Fine Dining,Monday,0,27.06,16.2,29.68
378,197.52,156.02,Fine Dining,Sunday,1,25.52,31.1,44.3
232,128.44,119.85,Catering,Sunday,1,8.37,16.3,12.61
492,251.45,195.56,Bakery,Sunday,1,17.55,36.0,60.11
322,171.02,134.91,Buffet,Wednesday,0,17.59,31.1,39.81
375,196.1,177.28,Fast Food,Tuesday,0,14.48,26.7,20.04
429,221.65,162.04,Buffet,Sunday,0,19.07,25.2,62.73
52,43.27,35.58,Bakery,Thursday,0,15.63,18.0,9.34
279,150.67,121.07,Buffet,Saturday,0,8.58,21.7,31.98
359,188.53,148.87,Fine Dining,Thursday,0,15.61,35.0,40.13
485,248.14,194.26,Bakery,Sunday,0,4.39,35.8,54.75
186,106.67,78.95,Catering,Saturday,0,21.0,15.0,31.27
243,133.64,105.48,Fast Food,Friday,0,30.17,28.7,29.54
119,74.97,54.69,Bakery,Thursday,0,25.93,31.5,22.49
418,216.44,193.02,Buffet,Tuesday,0,13.89,29.2,25.21
82,57.47,46.41,Bakery,Tuesday,0,4.87,16.9,12.42
497,253.82,207.54,Buffet,Thursday,0,8.67,20.0,50.43
128,79.23,72.62,Fast Food,Sunday,0,20.0,20.8,7.32
187,107.15,92.66,Bakery,Tuesday,0,8.83,34.1,16.29
134,82.07,59.24,Buffet,Friday,0,19.95,25.7,26.08
491,250.98,232.78,Buffet,Monday,0,9.64,26.2,20.2
467,239.63,185.04,Bakery,Sunday,1,30.01,36.5,58.93
190,108.56,80.73,Bakery,Friday,0,15.11,29.7,30.05
41,38.07,33.84,Fine Dining,Saturday,0,10.1,35.7,6.58
415,215.02,178.49,Fine Dining,Friday,0,28.81,25.5,37.56
61,47.53,38.76,Fine Dining,Sunday,0,13.31,18.4,7.72
410,212.66,164.79,Fast Food,Saturday,0,5.68,36.4,49.64
352,185.21,155.66,Fast Food,Sunday,0,20.82,25.6,32.04
367,192.31,150.07,Buffet,Tuesday,1,21.19,19.2,47.19
46,40.43,37.13,Catering,Monday,0,25.58,22.0,7.18
245,134.59,103.28,Fine Dining,Sunday,1,9.93,16.2,32.81
479,245.3,224.34,Fast Food,Sunday,0,16.64,25.8,22.01
414,214.55,180.88,Fast Food,Tuesday,0,11.32,34.6,34.58
490,250.51,226.03,Catering,Wednesday,1,4.67,36.5,31.56
153,91.06,79.84,Buffet,Tuesday,0,30.93,36.4,15.69
311,165.82,144.81,Fine Dining,Saturday,0,26.05,17.9,22.33
122,76.39,60.45,Fine Dining,Tuesday,0,11.95,23.8,16.38
218,121.81,93.97,Fine Dining,Tuesday,0,21.78,15.6,29.96
249,136.48,104.6,Buffet,Monday,0,8.64,34.7,36.06
367,192.31,174.73,Catering,Tuesday,0,31.38,23.3,22.94
163,95.79,86.26,Catering,Sunday,0,5.79,29.5,13.07
152,90.59,74.01,Fine Dining,Monday,0,2.13,31.4,17.04
51,42.8,32.06,Fine Dining,Thursday,0,18.57,24.9,11.45
165,96.74,77.79,Catering,Wednesday,0,21.24,22.0,22.18
92,62.2,53.26,Bakery,Monday,0,21.11,37.1,12.57
370,193.73,158.85,Buffet,Saturday,0,3.8,37.2,38.36
428,221.17,197.2,Fine Dining,Thursday,0,12.36,21.7,24.55
322,171.02,160.67,Fine Dining,Monday,0,18.47,26.0,11.77
179,103.36,78.77,Fast Food,Monday,1,9.15,37.4,29.43
440,226.85,186.27,Bakery,Wednesday,0,30.8,15.1,42.94
429,221.65,180.6,Catering,Sunday,0,4.87,24.5,44.93
136,83.02,65.34,Catering,Saturday,0,18.08,17.3,22.0
44,39.49,30.15,Fast Food,Friday,0,24.82,26.7,10.03
96,64.09,47.07,Buffet,Friday,0,10.64,15.6,21.63
451,232.06,212.37,Catering,Monday,0,22.6,24.4,23.13
373,195.15,158.53,Bakery,Tuesday,0,29.37,20.1,38.87
108,69.77,57.86,Buffet,Saturday,0,8.28,27.3,15.9
157,92.95,85.67,Catering,Thursday,1,32.27,37.9,16.0
415,215.02,191.54,Catering,Tuesday,1,20.27,33.4,29.91
98,65.04,48.7,Fine Dining,Tuesday,1,11.87,34.4,20.37
72,52.73,44.52,Fine Dining,Saturday,0,16.22,29.6,8.92
357,187.58,153.31,Fast Food,Sunday,0,12.3,16.0,34.37
89,60.78,54.42,Buffet,Monday,0,25.93,19.8,8.93
407,211.24,185.75,Fast Food,Monday,0,28.28,36.3,28.45
58,46.11,40.2,Bakery,Monday,0,29.49,23.4,8.75
253,138.37,109.99,Buffet,Monday,0,34.53,17.4,31.81
236,130.33,116.92,Fast Food,Friday,0,28.11,31.2,15.23
418,216.44,158.33,Fast Food,Monday,0,21.85,21.9,61.1
489,250.03,188.8,Fine Dining,Friday,0,13.19,21.2,62.67
86,59.36,47.12,Catering,Friday,0,19.97,38.0,16.82
206,116.14,85.58,Fast Food,Sunday,0,3.36,34.7,32.5
491,250.98,193.68,Fast Food,Monday,1,26.58,24.4,59.45
328,173.86,156.93,Bakery,Wednesday,0,16.72,37.5,17.71
180,103.83,96.42,Fast Food,Thursday,0,2.66,30.0,7.8
123,76.86,60.49,Buffet,Tuesday,0,4.06,32.1,20.9
221,123.23,95.9,Fast Food,Friday,0,14.79,15.7,29.04
430,222.12,173.6,Buffet,Saturday,0,21.25,17.8,52.17
118,74.5,58.19,Buffet,Saturday,0,17.32,29.6,19.31
254,138.85,101.07,Fast Food,Thursday,0,22.43,35.7,40.22
53,43.74,40.41,Fast Food,Saturday,0,17.85,29.3,4.02
254,138.85,106.5,Catering,Wednesday,0,23.84,18.1,35.89
442,227.8,185.06,Fast Food,Saturday,0,9.23,17.7,43.96
167,97.68,70.54,Fine Dining,Tuesday,0,5.72,34.4,27.91
349,183.79,167.02,Fine Dining,Tuesday,0,21.68,18.2,18.54
287,154.46,136.06,Buffet,Friday,0,17.99,27.0,21.15
443,228.27,211.9,Fine Dining,Monday,1,2.89,15.9,19.93
68,50.84,45.35,Buffet,Sunday,0,14.56,16.9,7.26
319,169.6,133.82,Catering,Wednesday,0,5.5,30.5,38.61
377,197.04,152.61,Buffet,Friday,0,19.53,30.9,48.02
358,188.05,164.26,Fast Food,Wednesday,0,15.06,22.9,22.81
241,132.7,106.17,Buffet,Monday,0,22.23,20.0,27.86
400,207.92,175.6,Catering,Saturday,0,28.58,33.7,35.74
96,64.09,46.23,Fine Dining,Saturday,1,11.89,20.0,19.9
431,222.59,163.3,Fine Dining,Sunday,0,33.75,27.5,60.43
257,140.27,117.52,Buffet,Monday,0,19.68,37.3,27.7
101,66.46,56.13,Bakery,Friday,0,22.4,18.4,12.07
196,111.4,98.62,Buffet,Sunday,0,24.46,36.6,17.79
241,132.7,99.4,Catering,Monday,0,24.0,19.2,36.9
56,45.16,37.61,Buffet,Thursday,0,18.86,28.1,11.39
361,189.47,144.52,Buffet,Tuesday,0,16.15,23.7,48.57
45,39.96,29.59,Buffet,Sunday,0,3.77,37.2,14.14
97,64.56,52.31,Fast Food,Sunday,0,2.73,21.3,12.79
364,190.89,144.3,Fine Dining,Friday,1,13.81,24.2,48.79
451,232.06,178.41,Buffet,Wednesday,0,13.01,37.6,56.89
357,187.58,148.16,Bakery,Thursday,1,14.79,27.3,43.54
208,117.08,90.98,Fast Food,Friday,0,6.57,26.6,25.64
492,251.45,185.89,Fine Dining,Monday,1,26.36,20.9,69.13
121,75.92,56.16,Fast Food,Monday,0,30.28,31.1,21.7
464,238.21,181.64,Fast Food,Monday,1,32.98,15.3,59.62
472,241.99,176.92,Fine Dining,Monday,1,18.25,16.1,66.1
258,140.74,120.73,Buffet,Wednesday,0,25.13,28.8,24.87
216,120.87,94.67,Buffet,Thursday,1,30.23,22.9,31.42
243,133.64,104.45,Catering,Saturday,0,15.8,36.9,34.66
110,70.71,56.08,Catering,Tuesday,0,12.21,35.8,19.2
426,220.23,190.68,Fast Food,Wednesday,0,32.91,31.4,31.16
305,162.98,148.56,Fast Food,Wednesday,0,19.02,33.8,16.21
137,83.49,74.06,Fine Dining,Saturday,0,18.41,30.3,10.53
384,200.35,176.32,Fast Food,Saturday,0,7.89,17.9,24.13
330,174.8,144.48,Buffet,Tuesday,0,5.57,32.6,33.69
247,135.53,118.27,Buffet,Tuesday,0,29.79,19.8,21.29
41,38.07,32.04,Bakery,Saturday,1,22.27,22.4,10.12
163,95.79,73.53,Fine Dining,Monday,0,12.75,33.8,23.67
319,169.6,129.89,Buffet,Wednesday,0,8.33,27.3,43.04
113,72.13,56.64,Buffet,Friday,0,20.33,34.8,19.48
205,115.66,106.45,Buffet,Tuesday,0,21.27,19.9,14.34
61,47.53,39.95,Fine Dining,Tuesday,0,8.83,29.0,9.27
193,109.98,96.94,Buffet,Saturday,0,30.1,16.9,17.35
466,239.15,190.42,Buffet,Thursday,0,4.78,29.8,50.14
478,244.83,198.24,Bakery,Friday,1,13.75,32.5,51.1
334,176.7,132.11,Buffet,Friday,0,24.45,28.5,47.87
258,140.74,106.64,Fine Dining,Tuesday,0,11.05,21.1,33.76
196,111.4,100.48,Buffet,Monday,0,29.31,15.7,14.3
269,145.94,123.85,Buffet,Thursday,0,26.42,17.7,24.95
59,46.58,37.0,Buffet,Friday,0,28.04,29.3,13.8
80,56.52,50.68,Bakery,Tuesday,0,5.93,36.5,9.64
477,244.36,189.19,Catering,Friday,0,6.64,19.8,59.1
187,107.15,100.16,Bakery,Sunday,0,11.45,31.9,11.24
147,88.22,70.21,Fast Food,Thursday,1,19.1,34.9,20.37
442,227.8,180.92,Fine Dining,Thursday,1,26.68,27.0,49.34
123,76.86,60.61,Buffet,Sunday,0,29.61,30.4,19.54
406,210.76,157.41,Fast Food,Wednesday,0,25.24,33.7,56.2
361,189.47,141.05,Catering,Sunday,0,32.64,21.0,52.55
453,233.0,200.98,Buffet,Saturday,0,26.38,21.8,35.73
348,183.32,167.28,Buffet,Saturday,0,12.11,15.0,19.53
329,174.33,155.84,Buffet,Tuesday,0,10.75,37.2,21.64
445,229.22,172.15,Buffet,Thursday,0,24.97,36.1,61.29
362,189.95,159.56,Buffet,Wednesday,0,8.36,32.6,34.71
173,100.52,74.71,Fine Dining,Wednesday,0,5.06,16.8,25.57
246,135.06,98.59,Fast Food,Friday,1,19.56,25.3,37.68
322,171.02,147.83,Catering,Friday,1,29.11,17.3,28.43
305,162.98,136.53,Bakery,Sunday,0,5.35,15.4,27.43
112,71.66,52.89,Fast Food,Wednesday,0,28.13,29.2,20.21
391,203.67,148.21,Fast Food,Sunday,1,28.78,37.1,59.72
87,59.83,56.11,Fast Food,Sunday,0,17.92,35.8,5.12
365,191.36,139.04,Fine Dining,Friday,0,3.89,31.0,53.68
272,147.36,120.51,Fast Food,Thursday,0,7.76,17.2,27.06
482,246.72,205.03,Fine Dining,Sunday,0,25.35,21.3,42.87
139,84.43,62.97,Fast Food,Monday,0,25.49,22.4,22.03
98,65.04,49.25,Fine Dining,Thursday,1,31.65,32.6,20.75
297,159.19,126.94,Fast Food,Wednesday,1,21.23,33.5,35.41
452,232.53,206.39,Fast Food,Wednesday,0,6.1,23.9,26.44
491,250.98,208.7,Catering,Sunday,0,6.01,24.6,46.35
104,67.87,58.39,Bakery,Thursday,1,25.8,16.0,13.54
122,76.39,71.56,Buffet,Friday,0,8.06,21.7,7.86
193,109.98,97.77,Catering,Friday,1,12.84,25.4,15.94
305,162.98,132.92,Fast Food,Saturday,0,18.08,17.7,31.33
348,183.32,150.0,Catering,Wednesday,0,2.82,25.4,36.48
118,74.5,63.78,Bakery,Tuesday,0,10.21,34.6,13.55
354,186.16,161.29,Fast Food,Saturday,0,15.46,28.4,25.69
189,108.09,89.73,Buffet,Friday,0,11.23,16.8,20.86
474,242.94,209.38,Fast Food,Thursday,0,6.5,19.4,34.54
87,59.83,43.39,Fine Dining,Friday,0,26.02,25.9,17.64
444,228.74,186.31,Fine Dining,Thursday,0,28.83,23.3,42.55
418,216.44,169.12,Fast Food,Saturday,0,10.5,23.3,48.79
287,154.46,115.6,Buffet,Wednesday,1,27.56,27.2,43.12
317,168.65,125.12,Bakery,Friday,1,14.72,28.4,47.7
395,205.56,175.28,Catering,Sunday,0,18.72,33.3,36.01
137,83.49,69.73,Fine Dining,Thursday,1,30.25,22.8,15.88
453,233.0,180.76,Buffet,Wednesday,0,26.75,33.5,56.54
64,48.95,40.32,Fast Food,Tuesday,0,28.57,22.8,9.6
323,171.49,142.04,Buffet,Thursday,1,6.52,16.3,33.87
488,249.56,190.39,Catering,Saturday,0,4.3,27.7,63.81
408,211.71,182.8,Buffet,Tuesday,0,31.48,28.5,31.87
340,179.54,160.11,Fine Dining,Tuesday,1,14.8,36.5,22.85
107,69.29,61.95,Fast Food,Monday,0,11.5,31.7,9.56
46,40.43,34.47,Fine Dining,Friday,1,25.91,36.1,9.75
344,181.43,151.05,Fine Dining,Thursday,1,29.6,35.9,33.8
176,101.94,74.76,Bakery,Tuesday,0,30.46,28.9,29.74
203,114.72,89.86,Buffet,Monday,1,12.43,27.1,30.3
122,76.39,56.57,Buffet,Saturday,0,30.12,27.8,23.21
424,219.28,204.38,Buffet,Wednesday,0,3.35,37.5,19.4
177,102.41,76.78,Catering,Sunday,0,3.64,32.8,28.39
459,235.84,177.68,Catering,Sunday,1,22.58,17.4,62.81
112,71.66,65.62,Fine Dining,Thursday,0,4.08,32.9,6.59
276,149.26,138.46,Fine Dining,Tuesday,0,12.71,18.9,11.78
85,58.88,52.31,Fine Dining,Sunday,0,24.2,25.3,8.15
145,87.27,62.94,Buffet,Friday,0,13.13,19.8,26.41
455,233.95,168.51,Catering,Sunday,0,7.93,30.9,69.77
327,173.39,139.26,Fast Food,Sunday,0,11.28,35.2,35.79
301,161.08,121.06,Fast Food,Sunday,0,17.1,21.7,40.0
215,120.39,87.17,Fine Dining,Monday,0,17.69,16.9,32.86
205,115.66,95.08,Buffet,Tuesday,1,27.84,21.9,26.18
184,105.73,98.06,Buffet,Friday,0,26.76,30.5,12.65
369,193.26,152.92,Bakery,Tuesday,0,17.07,22.6,42.05
409,212.18,183.63,Buffet,Thursday,1,29.91,21.4,33.3
322,171.02,147.67,Fine Dining,Thursday,0,5.77,19.2,22.09
93,62.67,48.58,Buffet,Thursday,1,10.43,26.4,20.03
217,121.34,104.73,Fast Food,Saturday,0,29.32,21.3,18.62
458,235.37,180.46,Fast Food,Sunday,1,14.47,31.8,58.1
283,152.57,113.95,Fast Food,Saturday,0,34.38,16.8,41.18
380,198.46,173.51,Bakery,Monday,0,17.39,30.3,27.17
166,97.21,72.42,Fast Food,Thursday,0,28.13,20.5,25.49
448,230.64,216.64,Fine Dining,Friday,1,15.28,26.3,16.86
451,232.06,176.45,Fast Food,Tuesday,0,16.02,21.6,55.59
406,210.76,179.3,Fine Dining,Sunday,0,14.64,31.6,31.79
310,165.34,134.01,Catering,Wednesday,0,25.73,36.7,37.28
171,99.58,74.47,Bakery,Friday,0,20.07,36.1,28.81
132,81.12,58.9,Buffet,Sunday,0,33.14,28.4,25.09
418,216.44,185.49,Buffet,Saturday,0,10.28,25.6,32.87
112,71.66,64.31,Fast Food,Saturday,1,5.32,33.8,9.88
450,231.58,209.64,Fine Dining,Friday,0,14.98,30.7,22.38
449,231.11,190.94,Buffet,Saturday,0,22.35,19.2,43.95
442,227.8,202.98,Fast Food,Thursday,0,30.41,33.9,26.96
287,154.46,134.08,Fine Dining,Monday,0,13.42,24.9,21.85
387,201.77,177.42,Fast Food,Tuesday,0,23.57,19.3,25.55
312,166.29,137.75,Bakery,Monday,0,13.56,21.5,29.57
82,57.47,49.39,Buffet,Sunday,0,22.37,21.2,9.96
416,215.5,193.35,Buffet,Tuesday,0,31.2,26.9,26.04
80,56.52,45.64,Bakery,Tuesday,0,9.63,20.4,10.9
209,117.55,105.48,Fast Food,Monday,1,15.34,17.8,13.96
473,242.46,206.15,Fine Dining,Friday,1,34.78,17.8,38.92
251,137.43,103.97,Fast Food,Tuesday,0,30.66,28.4,34.34
207,116.61,84.59,Buffet,Monday,1,20.63,31.9,36.68
78,55.57,44.45,Bakery,Tuesday,0,19.05,22.4,12.3
408,211.71,177.89,Bakery,Wednesday,0,11.39,15.8,36.19
284,153.04,138.46,Fine Dining,Friday,0,19.07,17.9,16.26
190,108.56,81.21,Fast Food,Thursday,0,29.99,36.0,30.98
150,89.64,80.32,Fine Dining,Tuesday,0,24.61,26.4,10.31
475,243.41,221.47,Fast Food,Wednesday,0,11.57,25.4,22.62
86,59.36,44.71,Buffet,Thursday,0,8.65,15.9,18.42
102,66.93,60.73,Catering,Thursday,0,10.75,31.8,9.02
264,143.58,134.7,Buffet,Sunday,0,7.6,27.1,12.33
405,210.29,185.04,Catering,Tuesday,0,5.16,19.6,29.5
108,69.77,62.28,Fast Food,Monday,0,15.83,17.5,7.41
